Comunidades  autónomas	Gastos y duración media de los viajes	Tipo de dato	Periodo	Total
01 Andalucía	Gasto medio por persona	Dato base	2025M10	1.425
01 Andalucía	Gasto medio por persona	Dato base	2025M09	1.376
01 Andalucía	Gasto medio por persona	Dato base	2025M08	1.381
01 Andalucía	Gasto medio por persona	Dato base	2025M07	1.417
01 Andalucía	Gasto medio por persona	Dato base	2025M06	1.341
01 Andalucía	Gasto medio por persona	Dato base	2025M05	1.310
01 Andalucía	Gasto medio por persona	Dato base	2025M04	1.236
01 Andalucía	Gasto medio por persona	Dato base	2025M03	1.510
01 Andalucía	Gasto medio por persona	Dato base	2025M02	1.332
01 Andalucía	Gasto medio por persona	Dato base	2025M01	1.427
01 Andalucía	Gasto medio por persona	Dato base	2024M12	1.476
01 Andalucía	Gasto medio por persona	Dato base	2024M11	1.492
01 Andalucía	Gasto medio por persona	Dato base	2024M10	1.350
01 Andalucía	Gasto medio por persona	Dato base	2024M09	1.322
01 Andalucía	Gasto medio por persona	Dato base	2024M08	1.427
01 Andalucía	Gasto medio por persona	Dato base	2024M07	1.388
01 Andalucía	Gasto medio por persona	Dato base	2024M06	1.280
01 Andalucía	Gasto medio por persona	Dato base	2024M05	1.274
01 Andalucía	Gasto medio por persona	Dato base	2024M04	1.218
01 Andalucía	Gasto medio por persona	Dato base	2024M03	1.520
01 Andalucía	Gasto medio por persona	Dato base	2024M02	1.342
01 Andalucía	Gasto medio por persona	Dato base	2024M01	1.351
01 Andalucía	Gasto medio por persona	Dato base	2023M12	1.412
01 Andalucía	Gasto medio por persona	Dato base	2023M11	1.287
01 Andalucía	Gasto medio por persona	Dato base	2023M10	1.212
01 Andalucía	Gasto medio por persona	Dato base	2023M09	1.250
01 Andalucía	Gasto medio por persona	Dato base	2023M08	1.347
01 Andalucía	Gasto medio por persona	Dato base	2023M07	1.371
01 Andalucía	Gasto medio por persona	Dato base	2023M06	1.232
01 Andalucía	Gasto medio por persona	Dato base	2023M05	1.180
01 Andalucía	Gasto medio por persona	Dato base	2023M04	1.152
01 Andalucía	Gasto medio por persona	Dato base	2023M03	1.235
01 Andalucía	Gasto medio por persona	Dato base	2023M02	1.180
01 Andalucía	Gasto medio por persona	Dato base	2023M01	1.188
01 Andalucía	Gasto medio por persona	Dato base	2022M12	1.336
01 Andalucía	Gasto medio por persona	Dato base	2022M11	1.266
01 Andalucía	Gasto medio por persona	Dato base	2022M10	1.181
01 Andalucía	Gasto medio por persona	Dato base	2022M09	1.098
01 Andalucía	Gasto medio por persona	Dato base	2022M08	1.306
01 Andalucía	Gasto medio por persona	Dato base	2022M07	1.323
01 Andalucía	Gasto medio por persona	Dato base	2022M06	1.167
01 Andalucía	Gasto medio por persona	Dato base	2022M05	1.105
01 Andalucía	Gasto medio por persona	Dato base	2022M04	1.074
01 Andalucía	Gasto medio por persona	Dato base	2022M03	1.230
01 Andalucía	Gasto medio por persona	Dato base	2022M02	1.114
01 Andalucía	Gasto medio por persona	Dato base	2022M01	1.164
01 Andalucía	Gasto medio por persona	Dato base	2021M12	1.326
01 Andalucía	Gasto medio por persona	Dato base	2021M11	1.117
01 Andalucía	Gasto medio por persona	Dato base	2021M10	1.064
01 Andalucía	Gasto medio por persona	Dato base	2021M09	1.048
01 Andalucía	Gasto medio por persona	Dato base	2021M08	1.216
01 Andalucía	Gasto medio por persona	Dato base	2021M07	1.191
01 Andalucía	Gasto medio por persona	Dato base	2021M06	1.027
01 Andalucía	Gasto medio por persona	Dato base	2021M05	982
01 Andalucía	Gasto medio por persona	Dato base	2021M04	1.038
01 Andalucía	Gasto medio por persona	Dato base	2021M03	995
01 Andalucía	Gasto medio por persona	Dato base	2021M02	1.175
01 Andalucía	Gasto medio por persona	Dato base	2021M01	991
01 Andalucía	Gasto medio por persona	Dato base	2020M12	1.335
01 Andalucía	Gasto medio por persona	Dato base	2020M11	1.233
01 Andalucía	Gasto medio por persona	Dato base	2020M10	1.053
01 Andalucía	Gasto medio por persona	Dato base	2020M09	916
01 Andalucía	Gasto medio por persona	Dato base	2020M08	1.062
01 Andalucía	Gasto medio por persona	Dato base	2020M07	978
01 Andalucía	Gasto medio por persona	Dato base	2020M06	709
01 Andalucía	Gasto medio por persona	Dato base	2020M05	0
01 Andalucía	Gasto medio por persona	Dato base	2020M04	0
01 Andalucía	Gasto medio por persona	Dato base	2020M03	1.116
01 Andalucía	Gasto medio por persona	Dato base	2020M02	1.062
01 Andalucía	Gasto medio por persona	Dato base	2020M01	1.109
01 Andalucía	Gasto medio por persona	Dato base	2019M12	1.199
01 Andalucía	Gasto medio por persona	Dato base	2019M11	1.096
01 Andalucía	Gasto medio por persona	Dato base	2019M10	1.065
01 Andalucía	Gasto medio por persona	Dato base	2019M09	988
01 Andalucía	Gasto medio por persona	Dato base	2019M08	1.097
01 Andalucía	Gasto medio por persona	Dato base	2019M07	1.115
01 Andalucía	Gasto medio por persona	Dato base	2019M06	997
01 Andalucía	Gasto medio por persona	Dato base	2019M05	975
01 Andalucía	Gasto medio por persona	Dato base	2019M04	871
01 Andalucía	Gasto medio por persona	Dato base	2019M03	1.049
01 Andalucía	Gasto medio por persona	Dato base	2019M02	991
01 Andalucía	Gasto medio por persona	Dato base	2019M01	1.037
01 Andalucía	Gasto medio por persona	Dato base	2018M12	1.145
01 Andalucía	Gasto medio por persona	Dato base	2018M11	1.058
01 Andalucía	Gasto medio por persona	Dato base	2018M10	1.060
01 Andalucía	Gasto medio por persona	Dato base	2018M09	1.051
01 Andalucía	Gasto medio por persona	Dato base	2018M08	1.073
01 Andalucía	Gasto medio por persona	Dato base	2018M07	1.195
01 Andalucía	Gasto medio por persona	Dato base	2018M06	1.087
01 Andalucía	Gasto medio por persona	Dato base	2018M05	1.028
01 Andalucía	Gasto medio por persona	Dato base	2018M04	960
01 Andalucía	Gasto medio por persona	Dato base	2018M03	1.143
01 Andalucía	Gasto medio por persona	Dato base	2018M02	1.139
01 Andalucía	Gasto medio por persona	Dato base	2018M01	1.110
01 Andalucía	Gasto medio por persona	Dato base	2017M12	1.197
01 Andalucía	Gasto medio por persona	Dato base	2017M11	1.076
01 Andalucía	Gasto medio por persona	Dato base	2017M10	1.102
01 Andalucía	Gasto medio por persona	Dato base	2017M09	1.081
01 Andalucía	Gasto medio por persona	Dato base	2017M08	1.085
01 Andalucía	Gasto medio por persona	Dato base	2017M07	1.180
01 Andalucía	Gasto medio por persona	Dato base	2017M06	1.137
01 Andalucía	Gasto medio por persona	Dato base	2017M05	1.053
01 Andalucía	Gasto medio por persona	Dato base	2017M04	1.050
01 Andalucía	Gasto medio por persona	Dato base	2017M03	1.130
01 Andalucía	Gasto medio por persona	Dato base	2017M02	1.016
01 Andalucía	Gasto medio por persona	Dato base	2017M01	1.089
01 Andalucía	Gasto medio por persona	Dato base	2016M12	1.311
01 Andalucía	Gasto medio por persona	Dato base	2016M11	1.040
01 Andalucía	Gasto medio por persona	Dato base	2016M10	1.104
01 Andalucía	Gasto medio por persona	Dato base	2016M09	1.061
01 Andalucía	Gasto medio por persona	Dato base	2016M08	1.043
01 Andalucía	Gasto medio por persona	Dato base	2016M07	1.049
01 Andalucía	Gasto medio por persona	Dato base	2016M06	1.087
01 Andalucía	Gasto medio por persona	Dato base	2016M05	1.047
01 Andalucía	Gasto medio por persona	Dato base	2016M04	1.025
01 Andalucía	Gasto medio por persona	Dato base	2016M03	1.054
01 Andalucía	Gasto medio por persona	Dato base	2016M02	987
01 Andalucía	Gasto medio por persona	Dato base	2016M01	1.122
01 Andalucía	Gasto medio por persona	Dato base	2015M12	1.240
01 Andalucía	Gasto medio por persona	Dato base	2015M11	1.087
01 Andalucía	Gasto medio por persona	Dato base	2015M10	1.053
04 Balears, Illes	Gasto medio por persona	Dato base	2025M10	1.330
04 Balears, Illes	Gasto medio por persona	Dato base	2025M09	1.300
04 Balears, Illes	Gasto medio por persona	Dato base	2025M08	1.544
04 Balears, Illes	Gasto medio por persona	Dato base	2025M07	1.493
04 Balears, Illes	Gasto medio por persona	Dato base	2025M06	1.251
04 Balears, Illes	Gasto medio por persona	Dato base	2025M05	1.171
04 Balears, Illes	Gasto medio por persona	Dato base	2025M04	1.167
04 Balears, Illes	Gasto medio por persona	Dato base	2025M03	1.361
04 Balears, Illes	Gasto medio por persona	Dato base	2025M02	1.168
04 Balears, Illes	Gasto medio por persona	Dato base	2025M01	1.267
04 Balears, Illes	Gasto medio por persona	Dato base	2024M12	1.335
04 Balears, Illes	Gasto medio por persona	Dato base	2024M11	1.409
04 Balears, Illes	Gasto medio por persona	Dato base	2024M10	1.328
04 Balears, Illes	Gasto medio por persona	Dato base	2024M09	1.257
04 Balears, Illes	Gasto medio por persona	Dato base	2024M08	1.455
04 Balears, Illes	Gasto medio por persona	Dato base	2024M07	1.485
04 Balears, Illes	Gasto medio por persona	Dato base	2024M06	1.253
04 Balears, Illes	Gasto medio por persona	Dato base	2024M05	1.110
04 Balears, Illes	Gasto medio por persona	Dato base	2024M04	1.163
04 Balears, Illes	Gasto medio por persona	Dato base	2024M03	1.225
04 Balears, Illes	Gasto medio por persona	Dato base	2024M02	1.212
04 Balears, Illes	Gasto medio por persona	Dato base	2024M01	1.252
04 Balears, Illes	Gasto medio por persona	Dato base	2023M12	1.297
04 Balears, Illes	Gasto medio por persona	Dato base	2023M11	1.247
04 Balears, Illes	Gasto medio por persona	Dato base	2023M10	1.181
04 Balears, Illes	Gasto medio por persona	Dato base	2023M09	1.217
04 Balears, Illes	Gasto medio por persona	Dato base	2023M08	1.383
04 Balears, Illes	Gasto medio por persona	Dato base	2023M07	1.336
04 Balears, Illes	Gasto medio por persona	Dato base	2023M06	1.187
04 Balears, Illes	Gasto medio por persona	Dato base	2023M05	1.059
04 Balears, Illes	Gasto medio por persona	Dato base	2023M04	1.123
04 Balears, Illes	Gasto medio por persona	Dato base	2023M03	1.204
04 Balears, Illes	Gasto medio por persona	Dato base	2023M02	1.011
04 Balears, Illes	Gasto medio por persona	Dato base	2023M01	1.128
04 Balears, Illes	Gasto medio por persona	Dato base	2022M12	1.106
04 Balears, Illes	Gasto medio por persona	Dato base	2022M11	1.140
04 Balears, Illes	Gasto medio por persona	Dato base	2022M10	1.102
04 Balears, Illes	Gasto medio por persona	Dato base	2022M09	1.108
04 Balears, Illes	Gasto medio por persona	Dato base	2022M08	1.219
04 Balears, Illes	Gasto medio por persona	Dato base	2022M07	1.236
04 Balears, Illes	Gasto medio por persona	Dato base	2022M06	1.112
04 Balears, Illes	Gasto medio por persona	Dato base	2022M05	1.115
04 Balears, Illes	Gasto medio por persona	Dato base	2022M04	1.128
04 Balears, Illes	Gasto medio por persona	Dato base	2022M03	1.191
04 Balears, Illes	Gasto medio por persona	Dato base	2022M02	1.009
04 Balears, Illes	Gasto medio por persona	Dato base	2022M01	1.218
04 Balears, Illes	Gasto medio por persona	Dato base	2021M12	1.108
04 Balears, Illes	Gasto medio por persona	Dato base	2021M11	1.105
04 Balears, Illes	Gasto medio por persona	Dato base	2021M10	1.104
04 Balears, Illes	Gasto medio por persona	Dato base	2021M09	1.119
04 Balears, Illes	Gasto medio por persona	Dato base	2021M08	1.209
04 Balears, Illes	Gasto medio por persona	Dato base	2021M07	1.238
04 Balears, Illes	Gasto medio por persona	Dato base	2021M06	1.125
04 Balears, Illes	Gasto medio por persona	Dato base	2021M05	1.037
04 Balears, Illes	Gasto medio por persona	Dato base	2021M04	1.008
04 Balears, Illes	Gasto medio por persona	Dato base	2021M03	960
04 Balears, Illes	Gasto medio por persona	Dato base	2021M02	1.028
04 Balears, Illes	Gasto medio por persona	Dato base	2021M01	1.048
04 Balears, Illes	Gasto medio por persona	Dato base	2020M12	1.145
04 Balears, Illes	Gasto medio por persona	Dato base	2020M11	1.122
04 Balears, Illes	Gasto medio por persona	Dato base	2020M10	985
04 Balears, Illes	Gasto medio por persona	Dato base	2020M09	1.021
04 Balears, Illes	Gasto medio por persona	Dato base	2020M08	1.168
04 Balears, Illes	Gasto medio por persona	Dato base	2020M07	1.087
04 Balears, Illes	Gasto medio por persona	Dato base	2020M06	974
04 Balears, Illes	Gasto medio por persona	Dato base	2020M05	0
04 Balears, Illes	Gasto medio por persona	Dato base	2020M04	0
04 Balears, Illes	Gasto medio por persona	Dato base	2020M03	905
04 Balears, Illes	Gasto medio por persona	Dato base	2020M02	956
04 Balears, Illes	Gasto medio por persona	Dato base	2020M01	1.032
04 Balears, Illes	Gasto medio por persona	Dato base	2019M12	1.143
04 Balears, Illes	Gasto medio por persona	Dato base	2019M11	1.030
04 Balears, Illes	Gasto medio por persona	Dato base	2019M10	1.059
04 Balears, Illes	Gasto medio por persona	Dato base	2019M09	1.060
04 Balears, Illes	Gasto medio por persona	Dato base	2019M08	1.239
04 Balears, Illes	Gasto medio por persona	Dato base	2019M07	1.231
04 Balears, Illes	Gasto medio por persona	Dato base	2019M06	1.039
04 Balears, Illes	Gasto medio por persona	Dato base	2019M05	945
04 Balears, Illes	Gasto medio por persona	Dato base	2019M04	917
04 Balears, Illes	Gasto medio por persona	Dato base	2019M03	971
04 Balears, Illes	Gasto medio por persona	Dato base	2019M02	914
04 Balears, Illes	Gasto medio por persona	Dato base	2019M01	953
04 Balears, Illes	Gasto medio por persona	Dato base	2018M12	1.023
04 Balears, Illes	Gasto medio por persona	Dato base	2018M11	975
04 Balears, Illes	Gasto medio por persona	Dato base	2018M10	1.047
04 Balears, Illes	Gasto medio por persona	Dato base	2018M09	1.048
04 Balears, Illes	Gasto medio por persona	Dato base	2018M08	1.210
04 Balears, Illes	Gasto medio por persona	Dato base	2018M07	1.169
04 Balears, Illes	Gasto medio por persona	Dato base	2018M06	1.008
04 Balears, Illes	Gasto medio por persona	Dato base	2018M05	963
04 Balears, Illes	Gasto medio por persona	Dato base	2018M04	906
04 Balears, Illes	Gasto medio por persona	Dato base	2018M03	992
04 Balears, Illes	Gasto medio por persona	Dato base	2018M02	986
04 Balears, Illes	Gasto medio por persona	Dato base	2018M01	947
04 Balears, Illes	Gasto medio por persona	Dato base	2017M12	1.164
04 Balears, Illes	Gasto medio por persona	Dato base	2017M11	991
04 Balears, Illes	Gasto medio por persona	Dato base	2017M10	1.061
04 Balears, Illes	Gasto medio por persona	Dato base	2017M09	1.035
04 Balears, Illes	Gasto medio por persona	Dato base	2017M08	1.182
04 Balears, Illes	Gasto medio por persona	Dato base	2017M07	1.171
04 Balears, Illes	Gasto medio por persona	Dato base	2017M06	1.015
04 Balears, Illes	Gasto medio por persona	Dato base	2017M05	942
04 Balears, Illes	Gasto medio por persona	Dato base	2017M04	909
04 Balears, Illes	Gasto medio por persona	Dato base	2017M03	913
04 Balears, Illes	Gasto medio por persona	Dato base	2017M02	906
04 Balears, Illes	Gasto medio por persona	Dato base	2017M01	956
04 Balears, Illes	Gasto medio por persona	Dato base	2016M12	1.126
04 Balears, Illes	Gasto medio por persona	Dato base	2016M11	926
04 Balears, Illes	Gasto medio por persona	Dato base	2016M10	974
04 Balears, Illes	Gasto medio por persona	Dato base	2016M09	981
04 Balears, Illes	Gasto medio por persona	Dato base	2016M08	1.093
04 Balears, Illes	Gasto medio por persona	Dato base	2016M07	1.098
04 Balears, Illes	Gasto medio por persona	Dato base	2016M06	963
04 Balears, Illes	Gasto medio por persona	Dato base	2016M05	903
04 Balears, Illes	Gasto medio por persona	Dato base	2016M04	863
04 Balears, Illes	Gasto medio por persona	Dato base	2016M03	909
04 Balears, Illes	Gasto medio por persona	Dato base	2016M02	1.032
04 Balears, Illes	Gasto medio por persona	Dato base	2016M01	943
04 Balears, Illes	Gasto medio por persona	Dato base	2015M12	1.029
04 Balears, Illes	Gasto medio por persona	Dato base	2015M11	1.043
04 Balears, Illes	Gasto medio por persona	Dato base	2015M10	940
05 Canarias	Gasto medio por persona	Dato base	2025M10	1.420
05 Canarias	Gasto medio por persona	Dato base	2025M09	1.536
05 Canarias	Gasto medio por persona	Dato base	2025M08	1.804
05 Canarias	Gasto medio por persona	Dato base	2025M07	1.803
05 Canarias	Gasto medio por persona	Dato base	2025M06	1.447
05 Canarias	Gasto medio por persona	Dato base	2025M05	1.412
05 Canarias	Gasto medio por persona	Dato base	2025M04	1.454
05 Canarias	Gasto medio por persona	Dato base	2025M03	1.560
05 Canarias	Gasto medio por persona	Dato base	2025M02	1.568
05 Canarias	Gasto medio por persona	Dato base	2025M01	1.595
05 Canarias	Gasto medio por persona	Dato base	2024M12	1.547
05 Canarias	Gasto medio por persona	Dato base	2024M11	1.521
05 Canarias	Gasto medio por persona	Dato base	2024M10	1.387
05 Canarias	Gasto medio por persona	Dato base	2024M09	1.423
05 Canarias	Gasto medio por persona	Dato base	2024M08	1.677
05 Canarias	Gasto medio por persona	Dato base	2024M07	1.675
05 Canarias	Gasto medio por persona	Dato base	2024M06	1.376
05 Canarias	Gasto medio por persona	Dato base	2024M05	1.403
05 Canarias	Gasto medio por persona	Dato base	2024M04	1.412
05 Canarias	Gasto medio por persona	Dato base	2024M03	1.506
05 Canarias	Gasto medio por persona	Dato base	2024M02	1.547
05 Canarias	Gasto medio por persona	Dato base	2024M01	1.518
05 Canarias	Gasto medio por persona	Dato base	2023M12	1.525
05 Canarias	Gasto medio por persona	Dato base	2023M11	1.459
05 Canarias	Gasto medio por persona	Dato base	2023M10	1.380
05 Canarias	Gasto medio por persona	Dato base	2023M09	1.410
05 Canarias	Gasto medio por persona	Dato base	2023M08	1.613
05 Canarias	Gasto medio por persona	Dato base	2023M07	1.733
05 Canarias	Gasto medio por persona	Dato base	2023M06	1.348
05 Canarias	Gasto medio por persona	Dato base	2023M05	1.310
05 Canarias	Gasto medio por persona	Dato base	2023M04	1.334
05 Canarias	Gasto medio por persona	Dato base	2023M03	1.483
05 Canarias	Gasto medio por persona	Dato base	2023M02	1.455
05 Canarias	Gasto medio por persona	Dato base	2023M01	1.418
05 Canarias	Gasto medio por persona	Dato base	2022M12	1.375
05 Canarias	Gasto medio por persona	Dato base	2022M11	1.408
05 Canarias	Gasto medio por persona	Dato base	2022M10	1.311
05 Canarias	Gasto medio por persona	Dato base	2022M09	1.381
05 Canarias	Gasto medio por persona	Dato base	2022M08	1.519
05 Canarias	Gasto medio por persona	Dato base	2022M07	1.567
05 Canarias	Gasto medio por persona	Dato base	2022M06	1.292
05 Canarias	Gasto medio por persona	Dato base	2022M05	1.389
05 Canarias	Gasto medio por persona	Dato base	2022M04	1.334
05 Canarias	Gasto medio por persona	Dato base	2022M03	1.494
05 Canarias	Gasto medio por persona	Dato base	2022M02	1.452
05 Canarias	Gasto medio por persona	Dato base	2022M01	1.487
05 Canarias	Gasto medio por persona	Dato base	2021M12	1.378
05 Canarias	Gasto medio por persona	Dato base	2021M11	1.344
05 Canarias	Gasto medio por persona	Dato base	2021M10	1.261
05 Canarias	Gasto medio por persona	Dato base	2021M09	1.376
05 Canarias	Gasto medio por persona	Dato base	2021M08	1.437
05 Canarias	Gasto medio por persona	Dato base	2021M07	1.518
05 Canarias	Gasto medio por persona	Dato base	2021M06	1.296
05 Canarias	Gasto medio por persona	Dato base	2021M05	1.387
05 Canarias	Gasto medio por persona	Dato base	2021M04	1.300
05 Canarias	Gasto medio por persona	Dato base	2021M03	1.463
05 Canarias	Gasto medio por persona	Dato base	2021M02	1.418
05 Canarias	Gasto medio por persona	Dato base	2021M01	1.542
05 Canarias	Gasto medio por persona	Dato base	2020M12	1.276
05 Canarias	Gasto medio por persona	Dato base	2020M11	1.234
05 Canarias	Gasto medio por persona	Dato base	2020M10	1.154
05 Canarias	Gasto medio por persona	Dato base	2020M09	1.321
05 Canarias	Gasto medio por persona	Dato base	2020M08	1.416
05 Canarias	Gasto medio por persona	Dato base	2020M07	1.280
05 Canarias	Gasto medio por persona	Dato base	2020M06	1.346
05 Canarias	Gasto medio por persona	Dato base	2020M05	0
05 Canarias	Gasto medio por persona	Dato base	2020M04	0
05 Canarias	Gasto medio por persona	Dato base	2020M03	1.324
05 Canarias	Gasto medio por persona	Dato base	2020M02	1.222
05 Canarias	Gasto medio por persona	Dato base	2020M01	1.291
05 Canarias	Gasto medio por persona	Dato base	2019M12	1.241
05 Canarias	Gasto medio por persona	Dato base	2019M11	1.264
05 Canarias	Gasto medio por persona	Dato base	2019M10	1.248
05 Canarias	Gasto medio por persona	Dato base	2019M09	1.285
05 Canarias	Gasto medio por persona	Dato base	2019M08	1.436
05 Canarias	Gasto medio por persona	Dato base	2019M07	1.443
05 Canarias	Gasto medio por persona	Dato base	2019M06	1.221
05 Canarias	Gasto medio por persona	Dato base	2019M05	1.204
05 Canarias	Gasto medio por persona	Dato base	2019M04	1.254
05 Canarias	Gasto medio por persona	Dato base	2019M03	1.301
05 Canarias	Gasto medio por persona	Dato base	2019M02	1.226
05 Canarias	Gasto medio por persona	Dato base	2019M01	1.264
05 Canarias	Gasto medio por persona	Dato base	2018M12	1.298
05 Canarias	Gasto medio por persona	Dato base	2018M11	1.261
05 Canarias	Gasto medio por persona	Dato base	2018M10	1.210
05 Canarias	Gasto medio por persona	Dato base	2018M09	1.269
05 Canarias	Gasto medio por persona	Dato base	2018M08	1.379
05 Canarias	Gasto medio por persona	Dato base	2018M07	1.364
05 Canarias	Gasto medio por persona	Dato base	2018M06	1.166
05 Canarias	Gasto medio por persona	Dato base	2018M05	1.206
05 Canarias	Gasto medio por persona	Dato base	2018M04	1.174
05 Canarias	Gasto medio por persona	Dato base	2018M03	1.196
05 Canarias	Gasto medio por persona	Dato base	2018M02	1.189
05 Canarias	Gasto medio por persona	Dato base	2018M01	1.223
05 Canarias	Gasto medio por persona	Dato base	2017M12	1.225
05 Canarias	Gasto medio por persona	Dato base	2017M11	1.219
05 Canarias	Gasto medio por persona	Dato base	2017M10	1.166
05 Canarias	Gasto medio por persona	Dato base	2017M09	1.158
05 Canarias	Gasto medio por persona	Dato base	2017M08	1.301
05 Canarias	Gasto medio por persona	Dato base	2017M07	1.259
05 Canarias	Gasto medio por persona	Dato base	2017M06	1.076
05 Canarias	Gasto medio por persona	Dato base	2017M05	1.128
05 Canarias	Gasto medio por persona	Dato base	2017M04	1.074
05 Canarias	Gasto medio por persona	Dato base	2017M03	1.177
05 Canarias	Gasto medio por persona	Dato base	2017M02	1.183
05 Canarias	Gasto medio por persona	Dato base	2017M01	1.186
05 Canarias	Gasto medio por persona	Dato base	2016M12	1.182
05 Canarias	Gasto medio por persona	Dato base	2016M11	1.131
05 Canarias	Gasto medio por persona	Dato base	2016M10	1.132
05 Canarias	Gasto medio por persona	Dato base	2016M09	1.133
05 Canarias	Gasto medio por persona	Dato base	2016M08	1.216
05 Canarias	Gasto medio por persona	Dato base	2016M07	1.195
05 Canarias	Gasto medio por persona	Dato base	2016M06	1.060
05 Canarias	Gasto medio por persona	Dato base	2016M05	1.092
05 Canarias	Gasto medio por persona	Dato base	2016M04	1.054
05 Canarias	Gasto medio por persona	Dato base	2016M03	1.135
05 Canarias	Gasto medio por persona	Dato base	2016M02	1.132
05 Canarias	Gasto medio por persona	Dato base	2016M01	1.148
05 Canarias	Gasto medio por persona	Dato base	2015M12	1.137
05 Canarias	Gasto medio por persona	Dato base	2015M11	1.128
05 Canarias	Gasto medio por persona	Dato base	2015M10	1.051
09 Cataluńa	Gasto medio por persona	Dato base	2025M10	1.244
09 Cataluńa	Gasto medio por persona	Dato base	2025M09	1.271
09 Cataluńa	Gasto medio por persona	Dato base	2025M08	1.423
09 Cataluńa	Gasto medio por persona	Dato base	2025M07	1.398
09 Cataluńa	Gasto medio por persona	Dato base	2025M06	1.290
09 Cataluńa	Gasto medio por persona	Dato base	2025M05	1.190
09 Cataluńa	Gasto medio por persona	Dato base	2025M04	1.148
09 Cataluńa	Gasto medio por persona	Dato base	2025M03	1.052
09 Cataluńa	Gasto medio por persona	Dato base	2025M02	1.011
09 Cataluńa	Gasto medio por persona	Dato base	2025M01	1.019
09 Cataluńa	Gasto medio por persona	Dato base	2024M12	1.222
09 Cataluńa	Gasto medio por persona	Dato base	2024M11	1.097
09 Cataluńa	Gasto medio por persona	Dato base	2024M10	1.153
09 Cataluńa	Gasto medio por persona	Dato base	2024M09	1.210
09 Cataluńa	Gasto medio por persona	Dato base	2024M08	1.337
09 Cataluńa	Gasto medio por persona	Dato base	2024M07	1.313
09 Cataluńa	Gasto medio por persona	Dato base	2024M06	1.267
09 Cataluńa	Gasto medio por persona	Dato base	2024M05	1.139
09 Cataluńa	Gasto medio por persona	Dato base	2024M04	1.077
09 Cataluńa	Gasto medio por persona	Dato base	2024M03	1.100
09 Cataluńa	Gasto medio por persona	Dato base	2024M02	1.051
09 Cataluńa	Gasto medio por persona	Dato base	2024M01	1.097
09 Cataluńa	Gasto medio por persona	Dato base	2023M12	1.204
09 Cataluńa	Gasto medio por persona	Dato base	2023M11	1.109
09 Cataluńa	Gasto medio por persona	Dato base	2023M10	1.142
09 Cataluńa	Gasto medio por persona	Dato base	2023M09	1.173
09 Cataluńa	Gasto medio por persona	Dato base	2023M08	1.304
09 Cataluńa	Gasto medio por persona	Dato base	2023M07	1.327
09 Cataluńa	Gasto medio por persona	Dato base	2023M06	1.233
09 Cataluńa	Gasto medio por persona	Dato base	2023M05	1.115
09 Cataluńa	Gasto medio por persona	Dato base	2023M04	1.050
09 Cataluńa	Gasto medio por persona	Dato base	2023M03	1.028
09 Cataluńa	Gasto medio por persona	Dato base	2023M02	1.008
09 Cataluńa	Gasto medio por persona	Dato base	2023M01	1.013
09 Cataluńa	Gasto medio por persona	Dato base	2022M12	1.083
09 Cataluńa	Gasto medio por persona	Dato base	2022M11	1.023
09 Cataluńa	Gasto medio por persona	Dato base	2022M10	1.013
09 Cataluńa	Gasto medio por persona	Dato base	2022M09	1.127
09 Cataluńa	Gasto medio por persona	Dato base	2022M08	1.270
09 Cataluńa	Gasto medio por persona	Dato base	2022M07	1.301
09 Cataluńa	Gasto medio por persona	Dato base	2022M06	1.139
09 Cataluńa	Gasto medio por persona	Dato base	2022M05	1.008
09 Cataluńa	Gasto medio por persona	Dato base	2022M04	991
09 Cataluńa	Gasto medio por persona	Dato base	2022M03	1.040
09 Cataluńa	Gasto medio por persona	Dato base	2022M02	947
09 Cataluńa	Gasto medio por persona	Dato base	2022M01	941
09 Cataluńa	Gasto medio por persona	Dato base	2021M12	978
09 Cataluńa	Gasto medio por persona	Dato base	2021M11	866
09 Cataluńa	Gasto medio por persona	Dato base	2021M10	876
09 Cataluńa	Gasto medio por persona	Dato base	2021M09	903
09 Cataluńa	Gasto medio por persona	Dato base	2021M08	1.046
09 Cataluńa	Gasto medio por persona	Dato base	2021M07	1.074
09 Cataluńa	Gasto medio por persona	Dato base	2021M06	959
09 Cataluńa	Gasto medio por persona	Dato base	2021M05	840
09 Cataluńa	Gasto medio por persona	Dato base	2021M04	950
09 Cataluńa	Gasto medio por persona	Dato base	2021M03	800
09 Cataluńa	Gasto medio por persona	Dato base	2021M02	1.006
09 Cataluńa	Gasto medio por persona	Dato base	2021M01	900
09 Cataluńa	Gasto medio por persona	Dato base	2020M12	872
09 Cataluńa	Gasto medio por persona	Dato base	2020M11	751
09 Cataluńa	Gasto medio por persona	Dato base	2020M10	592
09 Cataluńa	Gasto medio por persona	Dato base	2020M09	679
09 Cataluńa	Gasto medio por persona	Dato base	2020M08	949
09 Cataluńa	Gasto medio por persona	Dato base	2020M07	980
09 Cataluńa	Gasto medio por persona	Dato base	2020M06	506
09 Cataluńa	Gasto medio por persona	Dato base	2020M05	0
09 Cataluńa	Gasto medio por persona	Dato base	2020M04	0
09 Cataluńa	Gasto medio por persona	Dato base	2020M03	999
09 Cataluńa	Gasto medio por persona	Dato base	2020M02	1.028
09 Cataluńa	Gasto medio por persona	Dato base	2020M01	1.041
09 Cataluńa	Gasto medio por persona	Dato base	2019M12	1.089
09 Cataluńa	Gasto medio por persona	Dato base	2019M11	926
09 Cataluńa	Gasto medio por persona	Dato base	2019M10	1.114
09 Cataluńa	Gasto medio por persona	Dato base	2019M09	1.132
09 Cataluńa	Gasto medio por persona	Dato base	2019M08	1.174
09 Cataluńa	Gasto medio por persona	Dato base	2019M07	1.257
09 Cataluńa	Gasto medio por persona	Dato base	2019M06	1.155
09 Cataluńa	Gasto medio por persona	Dato base	2019M05	1.090
09 Cataluńa	Gasto medio por persona	Dato base	2019M04	984
09 Cataluńa	Gasto medio por persona	Dato base	2019M03	967
09 Cataluńa	Gasto medio por persona	Dato base	2019M02	984
09 Cataluńa	Gasto medio por persona	Dato base	2019M01	1.037
09 Cataluńa	Gasto medio por persona	Dato base	2018M12	1.096
09 Cataluńa	Gasto medio por persona	Dato base	2018M11	983
09 Cataluńa	Gasto medio por persona	Dato base	2018M10	1.027
09 Cataluńa	Gasto medio por persona	Dato base	2018M09	1.089
09 Cataluńa	Gasto medio por persona	Dato base	2018M08	1.120
09 Cataluńa	Gasto medio por persona	Dato base	2018M07	1.195
09 Cataluńa	Gasto medio por persona	Dato base	2018M06	1.134
09 Cataluńa	Gasto medio por persona	Dato base	2018M05	1.010
09 Cataluńa	Gasto medio por persona	Dato base	2018M04	963
09 Cataluńa	Gasto medio por persona	Dato base	2018M03	941
09 Cataluńa	Gasto medio por persona	Dato base	2018M02	1.008
09 Cataluńa	Gasto medio por persona	Dato base	2018M01	1.046
09 Cataluńa	Gasto medio por persona	Dato base	2017M12	1.066
09 Cataluńa	Gasto medio por persona	Dato base	2017M11	946
09 Cataluńa	Gasto medio por persona	Dato base	2017M10	1.035
09 Cataluńa	Gasto medio por persona	Dato base	2017M09	1.085
09 Cataluńa	Gasto medio por persona	Dato base	2017M08	1.034
09 Cataluńa	Gasto medio por persona	Dato base	2017M07	1.097
09 Cataluńa	Gasto medio por persona	Dato base	2017M06	1.043
09 Cataluńa	Gasto medio por persona	Dato base	2017M05	947
09 Cataluńa	Gasto medio por persona	Dato base	2017M04	855
09 Cataluńa	Gasto medio por persona	Dato base	2017M03	916
09 Cataluńa	Gasto medio por persona	Dato base	2017M02	937
09 Cataluńa	Gasto medio por persona	Dato base	2017M01	969
09 Cataluńa	Gasto medio por persona	Dato base	2016M12	983
09 Cataluńa	Gasto medio por persona	Dato base	2016M11	968
09 Cataluńa	Gasto medio por persona	Dato base	2016M10	939
09 Cataluńa	Gasto medio por persona	Dato base	2016M09	1.087
09 Cataluńa	Gasto medio por persona	Dato base	2016M08	960
09 Cataluńa	Gasto medio por persona	Dato base	2016M07	1.048
09 Cataluńa	Gasto medio por persona	Dato base	2016M06	965
09 Cataluńa	Gasto medio por persona	Dato base	2016M05	938
09 Cataluńa	Gasto medio por persona	Dato base	2016M04	825
09 Cataluńa	Gasto medio por persona	Dato base	2016M03	862
09 Cataluńa	Gasto medio por persona	Dato base	2016M02	894
09 Cataluńa	Gasto medio por persona	Dato base	2016M01	960
09 Cataluńa	Gasto medio por persona	Dato base	2015M12	974
09 Cataluńa	Gasto medio por persona	Dato base	2015M11	936
09 Cataluńa	Gasto medio por persona	Dato base	2015M10	915
10 Comunitat Valenciana	Gasto medio por persona	Dato base	2025M10	1.175
10 Comunitat Valenciana	Gasto medio por persona	Dato base	2025M09	1.339
10 Comunitat Valenciana	Gasto medio por persona	Dato base	2025M08	1.461
10 Comunitat Valenciana	Gasto medio por persona	Dato base	2025M07	1.489
10 Comunitat Valenciana	Gasto medio por persona	Dato base	2025M06	1.229
10 Comunitat Valenciana	Gasto medio por persona	Dato base	2025M05	1.162
10 Comunitat Valenciana	Gasto medio por persona	Dato base	2025M04	1.122
10 Comunitat Valenciana	Gasto medio por persona	Dato base	2025M03	1.300
10 Comunitat Valenciana	Gasto medio por persona	Dato base	2025M02	1.323
10 Comunitat Valenciana	Gasto medio por persona	Dato base	2025M01	1.230
10 Comunitat Valenciana	Gasto medio por persona	Dato base	2024M12	1.272
10 Comunitat Valenciana	Gasto medio por persona	Dato base	2024M11	1.250
10 Comunitat Valenciana	Gasto medio por persona	Dato base	2024M10	1.186
10 Comunitat Valenciana	Gasto medio por persona	Dato base	2024M09	1.264
10 Comunitat Valenciana	Gasto medio por persona	Dato base	2024M08	1.437
10 Comunitat Valenciana	Gasto medio por persona	Dato base	2024M07	1.394
10 Comunitat Valenciana	Gasto medio por persona	Dato base	2024M06	1.249
10 Comunitat Valenciana	Gasto medio por persona	Dato base	2024M05	1.153
10 Comunitat Valenciana	Gasto medio por persona	Dato base	2024M04	1.100
10 Comunitat Valenciana	Gasto medio por persona	Dato base	2024M03	1.247
10 Comunitat Valenciana	Gasto medio por persona	Dato base	2024M02	1.369
10 Comunitat Valenciana	Gasto medio por persona	Dato base	2024M01	1.220
10 Comunitat Valenciana	Gasto medio por persona	Dato base	2023M12	1.167
10 Comunitat Valenciana	Gasto medio por persona	Dato base	2023M11	1.124
10 Comunitat Valenciana	Gasto medio por persona	Dato base	2023M10	1.170
10 Comunitat Valenciana	Gasto medio por persona	Dato base	2023M09	1.255
10 Comunitat Valenciana	Gasto medio por persona	Dato base	2023M08	1.319
10 Comunitat Valenciana	Gasto medio por persona	Dato base	2023M07	1.289
10 Comunitat Valenciana	Gasto medio por persona	Dato base	2023M06	1.185
10 Comunitat Valenciana	Gasto medio por persona	Dato base	2023M05	1.030
10 Comunitat Valenciana	Gasto medio por persona	Dato base	2023M04	1.092
10 Comunitat Valenciana	Gasto medio por persona	Dato base	2023M03	1.199
10 Comunitat Valenciana	Gasto medio por persona	Dato base	2023M02	1.272
10 Comunitat Valenciana	Gasto medio por persona	Dato base	2023M01	1.124
10 Comunitat Valenciana	Gasto medio por persona	Dato base	2022M12	1.153
10 Comunitat Valenciana	Gasto medio por persona	Dato base	2022M11	1.162
10 Comunitat Valenciana	Gasto medio por persona	Dato base	2022M10	1.028
10 Comunitat Valenciana	Gasto medio por persona	Dato base	2022M09	1.151
10 Comunitat Valenciana	Gasto medio por persona	Dato base	2022M08	1.308
10 Comunitat Valenciana	Gasto medio por persona	Dato base	2022M07	1.305
10 Comunitat Valenciana	Gasto medio por persona	Dato base	2022M06	1.268
10 Comunitat Valenciana	Gasto medio por persona	Dato base	2022M05	1.015
10 Comunitat Valenciana	Gasto medio por persona	Dato base	2022M04	1.018
10 Comunitat Valenciana	Gasto medio por persona	Dato base	2022M03	1.226
10 Comunitat Valenciana	Gasto medio por persona	Dato base	2022M02	1.205
10 Comunitat Valenciana	Gasto medio por persona	Dato base	2022M01	1.150
10 Comunitat Valenciana	Gasto medio por persona	Dato base	2021M12	1.053
10 Comunitat Valenciana	Gasto medio por persona	Dato base	2021M11	1.067
10 Comunitat Valenciana	Gasto medio por persona	Dato base	2021M10	1.068
10 Comunitat Valenciana	Gasto medio por persona	Dato base	2021M09	1.027
10 Comunitat Valenciana	Gasto medio por persona	Dato base	2021M08	1.064
10 Comunitat Valenciana	Gasto medio por persona	Dato base	2021M07	1.188
10 Comunitat Valenciana	Gasto medio por persona	Dato base	2021M06	1.115
10 Comunitat Valenciana	Gasto medio por persona	Dato base	2021M05	1.091
10 Comunitat Valenciana	Gasto medio por persona	Dato base	2021M04	994
10 Comunitat Valenciana	Gasto medio por persona	Dato base	2021M03	1.481
10 Comunitat Valenciana	Gasto medio por persona	Dato base	2021M02	1.415
10 Comunitat Valenciana	Gasto medio por persona	Dato base	2021M01	1.093
10 Comunitat Valenciana	Gasto medio por persona	Dato base	2020M12	1.038
10 Comunitat Valenciana	Gasto medio por persona	Dato base	2020M11	930
10 Comunitat Valenciana	Gasto medio por persona	Dato base	2020M10	883
10 Comunitat Valenciana	Gasto medio por persona	Dato base	2020M09	875
10 Comunitat Valenciana	Gasto medio por persona	Dato base	2020M08	949
10 Comunitat Valenciana	Gasto medio por persona	Dato base	2020M07	993
10 Comunitat Valenciana	Gasto medio por persona	Dato base	2020M06	581
10 Comunitat Valenciana	Gasto medio por persona	Dato base	2020M05	0
10 Comunitat Valenciana	Gasto medio por persona	Dato base	2020M04	0
10 Comunitat Valenciana	Gasto medio por persona	Dato base	2020M03	985
10 Comunitat Valenciana	Gasto medio por persona	Dato base	2020M02	1.001
10 Comunitat Valenciana	Gasto medio por persona	Dato base	2020M01	1.031
10 Comunitat Valenciana	Gasto medio por persona	Dato base	2019M12	1.051
10 Comunitat Valenciana	Gasto medio por persona	Dato base	2019M11	958
10 Comunitat Valenciana	Gasto medio por persona	Dato base	2019M10	962
10 Comunitat Valenciana	Gasto medio por persona	Dato base	2019M09	998
10 Comunitat Valenciana	Gasto medio por persona	Dato base	2019M08	1.115
10 Comunitat Valenciana	Gasto medio por persona	Dato base	2019M07	1.096
10 Comunitat Valenciana	Gasto medio por persona	Dato base	2019M06	980
10 Comunitat Valenciana	Gasto medio por persona	Dato base	2019M05	870
10 Comunitat Valenciana	Gasto medio por persona	Dato base	2019M04	866
10 Comunitat Valenciana	Gasto medio por persona	Dato base	2019M03	979
10 Comunitat Valenciana	Gasto medio por persona	Dato base	2019M02	1.035
10 Comunitat Valenciana	Gasto medio por persona	Dato base	2019M01	1.060
10 Comunitat Valenciana	Gasto medio por persona	Dato base	2018M12	1.025
10 Comunitat Valenciana	Gasto medio por persona	Dato base	2018M11	949
10 Comunitat Valenciana	Gasto medio por persona	Dato base	2018M10	911
10 Comunitat Valenciana	Gasto medio por persona	Dato base	2018M09	962
10 Comunitat Valenciana	Gasto medio por persona	Dato base	2018M08	1.084
10 Comunitat Valenciana	Gasto medio por persona	Dato base	2018M07	1.055
10 Comunitat Valenciana	Gasto medio por persona	Dato base	2018M06	941
10 Comunitat Valenciana	Gasto medio por persona	Dato base	2018M05	862
10 Comunitat Valenciana	Gasto medio por persona	Dato base	2018M04	877
10 Comunitat Valenciana	Gasto medio por persona	Dato base	2018M03	971
10 Comunitat Valenciana	Gasto medio por persona	Dato base	2018M02	973
10 Comunitat Valenciana	Gasto medio por persona	Dato base	2018M01	965
10 Comunitat Valenciana	Gasto medio por persona	Dato base	2017M12	984
10 Comunitat Valenciana	Gasto medio por persona	Dato base	2017M11	920
10 Comunitat Valenciana	Gasto medio por persona	Dato base	2017M10	915
10 Comunitat Valenciana	Gasto medio por persona	Dato base	2017M09	963
10 Comunitat Valenciana	Gasto medio por persona	Dato base	2017M08	1.090
10 Comunitat Valenciana	Gasto medio por persona	Dato base	2017M07	1.021
10 Comunitat Valenciana	Gasto medio por persona	Dato base	2017M06	893
10 Comunitat Valenciana	Gasto medio por persona	Dato base	2017M05	828
10 Comunitat Valenciana	Gasto medio por persona	Dato base	2017M04	865
10 Comunitat Valenciana	Gasto medio por persona	Dato base	2017M03	980
10 Comunitat Valenciana	Gasto medio por persona	Dato base	2017M02	991
10 Comunitat Valenciana	Gasto medio por persona	Dato base	2017M01	973
10 Comunitat Valenciana	Gasto medio por persona	Dato base	2016M12	1.216
10 Comunitat Valenciana	Gasto medio por persona	Dato base	2016M11	981
10 Comunitat Valenciana	Gasto medio por persona	Dato base	2016M10	891
10 Comunitat Valenciana	Gasto medio por persona	Dato base	2016M09	1.051
10 Comunitat Valenciana	Gasto medio por persona	Dato base	2016M08	1.019
10 Comunitat Valenciana	Gasto medio por persona	Dato base	2016M07	973
10 Comunitat Valenciana	Gasto medio por persona	Dato base	2016M06	952
10 Comunitat Valenciana	Gasto medio por persona	Dato base	2016M05	830
10 Comunitat Valenciana	Gasto medio por persona	Dato base	2016M04	909
10 Comunitat Valenciana	Gasto medio por persona	Dato base	2016M03	891
10 Comunitat Valenciana	Gasto medio por persona	Dato base	2016M02	913
10 Comunitat Valenciana	Gasto medio por persona	Dato base	2016M01	969
10 Comunitat Valenciana	Gasto medio por persona	Dato base	2015M12	981
10 Comunitat Valenciana	Gasto medio por persona	Dato base	2015M11	885
10 Comunitat Valenciana	Gasto medio por persona	Dato base	2015M10	877
13 Madrid, Comunidad de	Gasto medio por persona	Dato base	2025M10	2.069
13 Madrid, Comunidad de	Gasto medio por persona	Dato base	2025M09	1.909
13 Madrid, Comunidad de	Gasto medio por persona	Dato base	2025M08	1.776
13 Madrid, Comunidad de	Gasto medio por persona	Dato base	2025M07	2.116
13 Madrid, Comunidad de	Gasto medio por persona	Dato base	2025M06	2.222
13 Madrid, Comunidad de	Gasto medio por persona	Dato base	2025M05	2.024
13 Madrid, Comunidad de	Gasto medio por persona	Dato base	2025M04	1.858
13 Madrid, Comunidad de	Gasto medio por persona	Dato base	2025M03	1.857
13 Madrid, Comunidad de	Gasto medio por persona	Dato base	2025M02	1.768
13 Madrid, Comunidad de	Gasto medio por persona	Dato base	2025M01	1.973
13 Madrid, Comunidad de	Gasto medio por persona	Dato base	2024M12	1.921
13 Madrid, Comunidad de	Gasto medio por persona	Dato base	2024M11	1.684
13 Madrid, Comunidad de	Gasto medio por persona	Dato base	2024M10	1.911
13 Madrid, Comunidad de	Gasto medio por persona	Dato base	2024M09	1.764
13 Madrid, Comunidad de	Gasto medio por persona	Dato base	2024M08	1.820
13 Madrid, Comunidad de	Gasto medio por persona	Dato base	2024M07	1.909
13 Madrid, Comunidad de	Gasto medio por persona	Dato base	2024M06	1.901
13 Madrid, Comunidad de	Gasto medio por persona	Dato base	2024M05	2.010
13 Madrid, Comunidad de	Gasto medio por persona	Dato base	2024M04	1.597
13 Madrid, Comunidad de	Gasto medio por persona	Dato base	2024M03	1.750
13 Madrid, Comunidad de	Gasto medio por persona	Dato base	2024M02	1.697
13 Madrid, Comunidad de	Gasto medio por persona	Dato base	2024M01	1.905
13 Madrid, Comunidad de	Gasto medio por persona	Dato base	2023M12	1.754
13 Madrid, Comunidad de	Gasto medio por persona	Dato base	2023M11	1.588
13 Madrid, Comunidad de	Gasto medio por persona	Dato base	2023M10	1.751
13 Madrid, Comunidad de	Gasto medio por persona	Dato base	2023M09	1.666
13 Madrid, Comunidad de	Gasto medio por persona	Dato base	2023M08	1.653
13 Madrid, Comunidad de	Gasto medio por persona	Dato base	2023M07	1.829
13 Madrid, Comunidad de	Gasto medio por persona	Dato base	2023M06	1.783
13 Madrid, Comunidad de	Gasto medio por persona	Dato base	2023M05	1.787
13 Madrid, Comunidad de	Gasto medio por persona	Dato base	2023M04	1.616
13 Madrid, Comunidad de	Gasto medio por persona	Dato base	2023M03	1.629
13 Madrid, Comunidad de	Gasto medio por persona	Dato base	2023M02	1.599
13 Madrid, Comunidad de	Gasto medio por persona	Dato base	2023M01	1.667
13 Madrid, Comunidad de	Gasto medio por persona	Dato base	2022M12	1.734
13 Madrid, Comunidad de	Gasto medio por persona	Dato base	2022M11	1.519
13 Madrid, Comunidad de	Gasto medio por persona	Dato base	2022M10	1.544
13 Madrid, Comunidad de	Gasto medio por persona	Dato base	2022M09	1.538
13 Madrid, Comunidad de	Gasto medio por persona	Dato base	2022M08	1.616
13 Madrid, Comunidad de	Gasto medio por persona	Dato base	2022M07	1.748
13 Madrid, Comunidad de	Gasto medio por persona	Dato base	2022M06	1.691
13 Madrid, Comunidad de	Gasto medio por persona	Dato base	2022M05	1.662
13 Madrid, Comunidad de	Gasto medio por persona	Dato base	2022M04	1.524
13 Madrid, Comunidad de	Gasto medio por persona	Dato base	2022M03	1.435
13 Madrid, Comunidad de	Gasto medio por persona	Dato base	2022M02	1.422
13 Madrid, Comunidad de	Gasto medio por persona	Dato base	2022M01	1.558
13 Madrid, Comunidad de	Gasto medio por persona	Dato base	2021M12	1.518
13 Madrid, Comunidad de	Gasto medio por persona	Dato base	2021M11	1.304
13 Madrid, Comunidad de	Gasto medio por persona	Dato base	2021M10	1.489
13 Madrid, Comunidad de	Gasto medio por persona	Dato base	2021M09	1.439
13 Madrid, Comunidad de	Gasto medio por persona	Dato base	2021M08	1.381
13 Madrid, Comunidad de	Gasto medio por persona	Dato base	2021M07	1.521
13 Madrid, Comunidad de	Gasto medio por persona	Dato base	2021M06	1.507
13 Madrid, Comunidad de	Gasto medio por persona	Dato base	2021M05	1.424
13 Madrid, Comunidad de	Gasto medio por persona	Dato base	2021M04	1.328
13 Madrid, Comunidad de	Gasto medio por persona	Dato base	2021M03	1.352
13 Madrid, Comunidad de	Gasto medio por persona	Dato base	2021M02	1.329
13 Madrid, Comunidad de	Gasto medio por persona	Dato base	2021M01	1.295
13 Madrid, Comunidad de	Gasto medio por persona	Dato base	2020M12	1.392
13 Madrid, Comunidad de	Gasto medio por persona	Dato base	2020M11	1.239
13 Madrid, Comunidad de	Gasto medio por persona	Dato base	2020M10	1.546
13 Madrid, Comunidad de	Gasto medio por persona	Dato base	2020M09	1.339
13 Madrid, Comunidad de	Gasto medio por persona	Dato base	2020M08	1.352
13 Madrid, Comunidad de	Gasto medio por persona	Dato base	2020M07	1.495
13 Madrid, Comunidad de	Gasto medio por persona	Dato base	2020M06	760
13 Madrid, Comunidad de	Gasto medio por persona	Dato base	2020M05	0
13 Madrid, Comunidad de	Gasto medio por persona	Dato base	2020M04	0
13 Madrid, Comunidad de	Gasto medio por persona	Dato base	2020M03	1.283
13 Madrid, Comunidad de	Gasto medio por persona	Dato base	2020M02	1.272
13 Madrid, Comunidad de	Gasto medio por persona	Dato base	2020M01	1.426
13 Madrid, Comunidad de	Gasto medio por persona	Dato base	2019M12	1.506
13 Madrid, Comunidad de	Gasto medio por persona	Dato base	2019M11	1.296
13 Madrid, Comunidad de	Gasto medio por persona	Dato base	2019M10	1.354
13 Madrid, Comunidad de	Gasto medio por persona	Dato base	2019M09	1.414
13 Madrid, Comunidad de	Gasto medio por persona	Dato base	2019M08	1.396
13 Madrid, Comunidad de	Gasto medio por persona	Dato base	2019M07	1.541
13 Madrid, Comunidad de	Gasto medio por persona	Dato base	2019M06	1.535
13 Madrid, Comunidad de	Gasto medio por persona	Dato base	2019M05	1.304
13 Madrid, Comunidad de	Gasto medio por persona	Dato base	2019M04	1.303
13 Madrid, Comunidad de	Gasto medio por persona	Dato base	2019M03	1.205
13 Madrid, Comunidad de	Gasto medio por persona	Dato base	2019M02	1.264
13 Madrid, Comunidad de	Gasto medio por persona	Dato base	2019M01	1.316
13 Madrid, Comunidad de	Gasto medio por persona	Dato base	2018M12	1.361
13 Madrid, Comunidad de	Gasto medio por persona	Dato base	2018M11	1.210
13 Madrid, Comunidad de	Gasto medio por persona	Dato base	2018M10	1.380
13 Madrid, Comunidad de	Gasto medio por persona	Dato base	2018M09	1.262
13 Madrid, Comunidad de	Gasto medio por persona	Dato base	2018M08	1.419
13 Madrid, Comunidad de	Gasto medio por persona	Dato base	2018M07	1.440
13 Madrid, Comunidad de	Gasto medio por persona	Dato base	2018M06	1.558
13 Madrid, Comunidad de	Gasto medio por persona	Dato base	2018M05	1.208
13 Madrid, Comunidad de	Gasto medio por persona	Dato base	2018M04	1.227
13 Madrid, Comunidad de	Gasto medio por persona	Dato base	2018M03	1.170
13 Madrid, Comunidad de	Gasto medio por persona	Dato base	2018M02	1.143
13 Madrid, Comunidad de	Gasto medio por persona	Dato base	2018M01	1.201
13 Madrid, Comunidad de	Gasto medio por persona	Dato base	2017M12	1.364
13 Madrid, Comunidad de	Gasto medio por persona	Dato base	2017M11	1.194
13 Madrid, Comunidad de	Gasto medio por persona	Dato base	2017M10	1.328
13 Madrid, Comunidad de	Gasto medio por persona	Dato base	2017M09	1.361
13 Madrid, Comunidad de	Gasto medio por persona	Dato base	2017M08	1.414
13 Madrid, Comunidad de	Gasto medio por persona	Dato base	2017M07	1.467
13 Madrid, Comunidad de	Gasto medio por persona	Dato base	2017M06	1.522
13 Madrid, Comunidad de	Gasto medio por persona	Dato base	2017M05	1.327
13 Madrid, Comunidad de	Gasto medio por persona	Dato base	2017M04	1.189
13 Madrid, Comunidad de	Gasto medio por persona	Dato base	2017M03	1.156
13 Madrid, Comunidad de	Gasto medio por persona	Dato base	2017M02	1.207
13 Madrid, Comunidad de	Gasto medio por persona	Dato base	2017M01	1.287
13 Madrid, Comunidad de	Gasto medio por persona	Dato base	2016M12	1.231
13 Madrid, Comunidad de	Gasto medio por persona	Dato base	2016M11	1.140
13 Madrid, Comunidad de	Gasto medio por persona	Dato base	2016M10	1.359
13 Madrid, Comunidad de	Gasto medio por persona	Dato base	2016M09	1.289
13 Madrid, Comunidad de	Gasto medio por persona	Dato base	2016M08	1.312
13 Madrid, Comunidad de	Gasto medio por persona	Dato base	2016M07	1.538
13 Madrid, Comunidad de	Gasto medio por persona	Dato base	2016M06	1.651
13 Madrid, Comunidad de	Gasto medio por persona	Dato base	2016M05	1.322
13 Madrid, Comunidad de	Gasto medio por persona	Dato base	2016M04	1.114
13 Madrid, Comunidad de	Gasto medio por persona	Dato base	2016M03	1.383
13 Madrid, Comunidad de	Gasto medio por persona	Dato base	2016M02	1.254
13 Madrid, Comunidad de	Gasto medio por persona	Dato base	2016M01	1.170
13 Madrid, Comunidad de	Gasto medio por persona	Dato base	2015M12	1.210
13 Madrid, Comunidad de	Gasto medio por persona	Dato base	2015M11	1.222
13 Madrid, Comunidad de	Gasto medio por persona	Dato base	2015M10	1.250
